domain,file,sha256,kind,tables
altoc,altoc/docs/altoc_schema.sql,b23aa11059b6e288943e87d29ec57658fbfd6519ffd99d778dc6555bc340773c,canonical,activity_ai_summary;altoc_receivable_notification_checkpoint;approval_rule;attachment;audit_log;contact;contract;contract_billing_schedule;contract_business_template;contract_delivery_asset_plan;contract_line;contract_line_cost_allocation;contract_line_profit_summary;contract_obligation;contract_orchestration_job;contract_orchestration_step;contract_party;contract_payment_term;contract_project_line_rel;contract_project_link;contract_project_obligation_rel;contract_stage;customer;customer_ai_summary;customer_invoice_info;customer_level;customer_type;dashboard_snapshot;document_link;domain_event_outbox;integration_operation;integration_operation_attempt;integration_operation_dead_letter_actionable;invoice;lead;lead_conversion;legacy_migration_map;legacy_unmapped_income;maintenance_contract;notification;opportunity;opportunity_ai_risk;opportunity_contact_role;opportunity_stage;opportunity_stage_log;payment_record;payment_term_template;permission;product;product_feedback_progress_projection;product_feedback_status_projection;quotation;quotation_item;quotation_version;receivable_plan;renewal_opportunity;role;role_permission;sales_activity;sales_task;sales_team;sales_team_member;service_agreement;service_agreement_asset;service_agreement_coverage;service_agreement_project_rel;service_command_receipt;service_cost_summary;service_entitlement;service_ticket;service_ticket_product_feedback;tender;tender_agency;tender_member;tender_milestone;user_role
altoc,altoc/docs/backfill/034_fulfillment_relation_check.sql,18f7654b415d1eca8713e78f116375afc474d6a86fd5d1f4454ac14477d7f7c2,SQL候选/升级，顺序须按依赖核验,
altoc,altoc/docs/migrations/001_industry_region_to_account.sql,e6be022056f7cc0c7c203dd96685f6cdb16d2ae251a338e259a214a6e73a5f60,SQL候选/升级，顺序须按依赖核验,
altoc,altoc/docs/migrations/002_wizbizdb_marketing_compat.sql,d86984d4ff6112638a1b7a2aa35aa8de153fa7eaf0c0040c83d4c64b12819767,SQL候选/升级，顺序须按依赖核验,legacy_migration_map;legacy_unmapped_income
altoc,altoc/docs/migrations/003_map_oa_employee_ids_to_console_uids.sql,97aef0d30cd87e74c970fb3b4446636d528cf3021148bc08c7273f00bf9c0d47,SQL候选/升级，顺序须按依赖核验,
altoc,altoc/docs/migrations/004_migrate_oa_contacts.sql,b6d3d691330d6b87d0a9ecfd4da4404841ec4ce3cc53730b36f452cca9a2c136,SQL候选/升级，顺序须按依赖核验,
altoc,altoc/docs/migrations/005_contract_lifecycle_and_payment_terms.sql,170fd722893d5e506b7370d51f683bdd1515d39ccef02ccc8296e24474642771,SQL候选/升级，顺序须按依赖核验,contract_stage
altoc,altoc/docs/migrations/006_mark_pre_2010_contracts_invalid.sql,31eff5b77dea143bc06bc891c2a8439a07d56ed30d27869e1d58e2178f6e2b25,SQL候选/升级，顺序须按依赖核验,
altoc,altoc/docs/migrations/007_migrate_oa_customer_area.sql,08bdb2254fc250236a15f82cfff658eae94d291b6812a2b7aba7f54fc155301f,SQL候选/升级，顺序须按依赖核验,
altoc,altoc/docs/migrations/008_phase4_service_ops.sql,bddd068dad09bb8b96a712299a9a6de5dccef557f99047188462360da0198ac6,SQL候选/升级，顺序须按依赖核验,maintenance_contract;renewal_opportunity;service_entitlement;service_ticket
altoc,altoc/docs/migrations/009_contract_status_seven_states.sql,5bd52e1b6f4aa51027cb247ceb7040961380d80072a02bf0aa6edd04e42a2962,SQL候选/升级，顺序须按依赖核验,
altoc,altoc/docs/migrations/010_customer_invoice_info.sql,e43746cd273a4f2f651a3422adab878ef0b30ef7e6abd85c8fed3bde91c40f9d,SQL候选/升级，顺序须按依赖核验,customer_invoice_info
altoc,altoc/docs/migrations/011_contract_legacy_document_links.sql,ff675cae91ab7fc1a92c230ee4d1e4a9e886f5155703e29be7349252a528357f,SQL候选/升级，顺序须按依赖核验,
altoc,altoc/docs/migrations/012_opportunity_source_fields.sql,e8cecd796164a4dcf0c73ce53780acb32d1c51eddcf10785b8d378767b3d76c3,SQL候选/升级，顺序须按依赖核验,
altoc,altoc/docs/migrations/013_lead_opportunity_commands.sql,b15a8aace62cff0399e3d451f9782cbdbd1361eda94c57d9dcce87f62b14cf22,SQL候选/升级，顺序须按依赖核验,lead_conversion
altoc,altoc/docs/migrations/014_lead_qualification_fields.sql,5f7e44946db3e987ece1e7deb376b8b0725e7592ac548826886ccf44d607b823,SQL候选/升级，顺序须按依赖核验,
altoc,altoc/docs/migrations/015_sales_activity_lead_link.sql,3f7d52c3e8411280edf33817089d4519709b1227804703abdc91cdbb1547cc3b,SQL候选/升级，顺序须按依赖核验,
altoc,altoc/docs/migrations/016_duplicate_matching_and_stakeholders.sql,cd73ce183fd87b216f0064ba6d0a67dc17996e524b64165508b04a0e9aa86357,SQL候选/升级，顺序须按依赖核验,opportunity_contact_role
altoc,altoc/docs/migrations/017_opportunity_structured_reasons.sql,8786d6d2ca04e72192838c24329da6f1400e923cc40a60136beba4d74755831f,SQL候选/升级，顺序须按依赖核验,
altoc,altoc/docs/migrations/018_opportunity_activity_followup.sql,b649ea75bfb68e8a8cdf487cc309832fe1dc4eba54a239d842cfb8222ac95aae,SQL候选/升级，顺序须按依赖核验,
altoc,altoc/docs/migrations/019_domain_event_outbox.sql,5efa2c3ccae233e06a03e4345c9b8924109e0df726332c73b0cef41425544500,SQL候选/升级，顺序须按依赖核验,domain_event_outbox
altoc,altoc/docs/migrations/020_lead_attachment_inheritance.sql,04aa14ddf0467eb3787227278eb2b8be3a5fd561af9e0aa9a78554c135c879b8,SQL候选/升级，顺序须按依赖核验,
altoc,altoc/docs/migrations/021_opportunity_stage_guardrails.sql,745fd829b455488ae5f70415fb34ad1f8efcd6809c9bd8c4335be9e102b919a3,SQL候选/升级，顺序须按依赖核验,
altoc,altoc/docs/migrations/022_opportunity_stage_exit_criteria.sql,e25702b12c89e1c88719f18cd8b37740143f5ee7b70d14e905014fa34c3c53fc,SQL候选/升级，顺序须按依赖核验,
altoc,altoc/docs/migrations/023_opportunity_won_reasons.sql,162396e0be2dde81dac86a59686126601904332739561280b79b3ebf5ea8ac37,SQL候选/升级，顺序须按依赖核验,
altoc,altoc/docs/migrations/024_lifecycle_permission_actions.sql,672456b9e34d426ff991bbf95942f1acf9a06254973647984055a3f7a1752a31,SQL候选/升级，顺序须按依赖核验,
altoc,altoc/docs/migrations/025_opportunity_pipeline_templates.sql,0fa8de78bc240aed95e0ad0ac4f0181131a11e4f21f5c3e066d7da17d95f35b5,SQL候选/升级，顺序须按依赖核验,
altoc,altoc/docs/migrations/026_contract_line_core.sql,5fd919ffc6319a907f97793ffd49a7d0aa01dc78892d3418aa1e28f8706019d7,SQL候选/升级，顺序须按依赖核验,contract_business_template;contract_line;contract_party
altoc,altoc/docs/migrations/027_contract_obligation_and_billing.sql,62c1058221eebad99f6ea70ddf870aee961b98c953198705fb3e2dadb0b8b91d,SQL候选/升级，顺序须按依赖核验,contract_billing_schedule;contract_obligation
altoc,altoc/docs/migrations/028_contract_status_machine_hardening.sql,d0bd59e05623557a38a2326327a0affeca666218b44025329efd61c0eda3ce17,SQL候选/升级，顺序须按依赖核验,
altoc,altoc/docs/migrations/029_contract_activation_orchestration.sql,4fd8d6603752502c1aa9b7f1a6800f8a31884d3664c6bd3243fd9ac4ad6b7d95,SQL候选/升级，顺序须按依赖核验,contract_orchestration_job;contract_orchestration_step;contract_project_link
altoc,altoc/docs/migrations/030_contract_delivery_asset_and_service_agreement.sql,176468d2ba51fe42339743b66db74b714b1c3544dd33a855724394fa57c68136,SQL候选/升级，顺序须按依赖核验,contract_delivery_asset_plan;service_agreement;service_agreement_asset
altoc,altoc/docs/migrations/031_service_agreement_ticket_sla.sql,84726a2cc82b055dfae3cffea4b7b4c440edb344a2cdf9e4c4cb26bb1577bdb6,SQL候选/升级，顺序须按依赖核验,
altoc,altoc/docs/migrations/032_contract_project_grouping.sql,6d26075275f41f177a29558074ee6cad0e2309a587bea695db665887332bce8a,SQL候选/升级，顺序须按依赖核验,
altoc,altoc/docs/migrations/033_contract_master_flag.sql,6b4a48b277ca5316f1a6203dbd00b1eacb35369ea9b74a65dee02c5a8a9a5e34,SQL候选/升级，顺序须按依赖核验,
altoc,altoc/docs/migrations/034_structured_fulfillment_project_relations.sql,008c050a4b05c8432805399d0c7200386650d472be3788ec84086b2078b80b5d,SQL候选/升级，顺序须按依赖核验,contract_project_line_rel;contract_project_obligation_rel;service_agreement_project_rel
altoc,altoc/docs/migrations/035_service_agreement_coverage_identity.sql,f93721395583c2d7428aff2114e693725d03bda26e4b9897cda8e55ccb47105f,SQL候选/升级，顺序须按依赖核验,service_agreement_coverage
altoc,altoc/docs/migrations/036_cost_profit_accounting.sql,f2083e86fff6574fce4c770393db22341aac7ff224a0c48aca9cdf61ea57431d,SQL候选/升级，顺序须按依赖核验,contract_line_cost_allocation;contract_line_profit_summary;service_cost_summary
altoc,altoc/docs/migrations/037_profit_summary_freeze_guardrails.sql,d806142a6f6f0c4c9fd321273900f39928d1a69da762bbc3f577e445f52901a0,SQL候选/升级，顺序须按依赖核验,
altoc,altoc/docs/migrations/038_service_ticket_ops_knowledge_reservation.sql,5d7dc78903fc5e6daa8098a65146788727415a78e9bcd1a7f77a37e6eb6802cc,SQL候选/升级，顺序须按依赖核验,
altoc,altoc/docs/migrations/039_integration_operation_outbox.sql,901be1473077bb1a8d2d23fde9c9e98c292dbdd09a8fe5937a7cd997c1f14180,SQL候选/升级，顺序须按依赖核验,integration_operation;integration_operation_attempt;service_command_receipt
altoc,altoc/docs/migrations/040_service_command_receipt_deployment_identity.sql,76f45e3824d405f0c9db9dd0eee26684d2fca3362aaebd809b195a50b3426ebe,SQL候选/升级，顺序须按依赖核验,
altoc,altoc/docs/migrations/041_receivable_due_notifications.sql,d8d15d7232915681540d002df2e80bd534343ad23c504d710947ab6121635b8c,SQL候选/升级，顺序须按依赖核验,altoc_receivable_notification_checkpoint
altoc,altoc/docs/migrations/042_assets_delivery_status_projection.sql,c1b1443a3723d309397d8160842d92fd0b853d9e6cac9be5215a221bca1632ed,SQL候选/升级，顺序须按依赖核验,assets_delivery_status_projection
altoc,altoc/docs/migrations/043_service_ticket_aims_reliable_dispatch.sql,e0b47a702411bf48d261af3567f731aa70955a856f3e905296d6320941747246,SQL候选/升级，顺序须按依赖核验,
altoc,altoc/docs/migrations/044_dead_letter_actionable_lifecycle.sql,b1d080071db80b4d0903dc7a009b0decec1eeb926deff04ac609d24ae353f506,SQL候选/升级，顺序须按依赖核验,integration_operation_dead_letter_actionable
altoc,altoc/docs/migrations/045_audit_log_action_width.sql,7914b09f3c2a7fda3f285c485be2825aa142d98ea3b7aa614533ab99764a4932,SQL候选/升级，顺序须按依赖核验,
altoc,altoc/docs/migrations/046_service_ticket_product_feedback.sql,5ebf1f488e5708c8427417b3adaced0294b0675a5c4a42f0e91b778866c5ad6b,SQL候选/升级，顺序须按依赖核验,service_ticket_product_feedback
altoc,altoc/docs/migrations/047_product_feedback_status_projection.sql,4c0d5d46ee894f4127b488c46d88f6195ec6e7e98daf847cfb56028a48593ce4,SQL候选/升级，顺序须按依赖核验,product_feedback_status_projection
altoc,altoc/docs/migrations/048_product_feedback_progress_projection.sql,7496fc33f8e89cba89eca260955037325a9969de6d49802dca6a812240806c0e,SQL候选/升级，顺序须按依赖核验,product_feedback_progress_projection
people,people/docs/migrations/20260710_contribution_scope_versions.sql,c1baeacbaacd38e63858b26b2089782c39608c8a97cd14100edcae096a227d31,SQL候选/升级，顺序须按依赖核验,people_contribution_scope_versions
people,people/docs/migrations/20260710_directory_lifecycle_versions.sql,75e02a08e81590c79f58e3c52e489f9f17fb06a90369fe3561029a1214b60d7c,SQL候选/升级，顺序须按依赖核验,people_directory_lifecycle_versions
people,people/docs/migrations/20260711_people_dead_letter_actionable_lifecycle.sql,c8983a41a7502c971691194d1ac2b0c7f4bc9604962b81f1bdb131abf43b1607,SQL候选/升级，顺序须按依赖核验,integration_operation_dead_letter_actionable
people,people/docs/migrations/20260725_unscored_project_facts.sql,1178ee8b030a89222657620ad6b9672f783e1e9534d341d264d63870e8b3cdbd,SQL候选/升级，顺序须按依赖核验,
people,people/docs/migrations/20260725_unscored_project_facts_verify.sql,8dc9d93b6969d1235e0d317d224d48654edccbfea6ebb5cab6382ef30229722b,verify,
people,people/docs/migrations/20260829_rank_series.sql,e8d4ef60b55d9086fcd4409453109039f5cdae4c38d0bdbc59eac55a438160db,SQL候选/升级，顺序须按依赖核验,
people,people/docs/migrations/20260829_rank_series_verify.sql,59afff4e6941bcc4c0b7495fa8e5a96f0b92b6e97d52e186ee9c55fea0a21e79,verify,
people,people/docs/migrations/20260902_dingtalk_profile_fields.sql,9d666ac7a89ca6348837d1440a65ab59c7955f9ca3bf3e0ba1dcb2702156b021,SQL候选/升级，顺序须按依赖核验,
people,people/docs/migrations/20260902_dingtalk_profile_fields_verify.sql,264f8f1c0d76757dfb72de8d2c370c9c0cb501a0cf86c92d5aef457774856049,verify,
people,people/docs/migrations/20260902_onboarding_cases.sql,b0c5fac1d78f1b5fd8660ed12c48b4e0aa7dd4b90fe227541e90ee03a0557ad5,SQL候选/升级，顺序须按依赖核验,people_onboarding_cases
people,people/docs/migrations/20260902_onboarding_cases_verify.sql,69cfae40213bc1634c3c802f6d65f671b210e31f1b65d8b8b3aac5dd83bfb2ed,verify,
people,people/docs/migrations/20260902_onboarding_provisioning_refs.sql,dfa07c32059297dc72d8ed6e83a700f12530eb169b0798c0980e62dc6fbb16e0,SQL候选/升级，顺序须按依赖核验,
people,people/docs/migrations/20260902_onboarding_provisioning_refs_verify.sql,fc78b7ba7ac31081dbd303f0cfee432674a6f71a524ba1c4fa6591b3a6b20dc9,verify,
people,people/docs/migrations/20260904_employee_number_sequence.sql,100aa33c01cd36b6084383a3af7836547ffdc8ef420958e5d5043a9234dcfd26,SQL候选/升级，顺序须按依赖核验,people_employee_number_reassignment_history;people_employee_number_sequences
people,people/docs/migrations/20260904_employee_number_sequence_verify.sql,b2459c2c71a78a641148820c70f999f13e74cec3e4b10fc4d4217896a0cf394c,verify,
people,people/docs/migrations/20260904_employee_private_facts.sql,8cfc0e2a539e4375856f88b2e56a63c103bcd46ffe3fe2a0618ef259f43131fb,SQL候选/升级，顺序须按依赖核验,people_employee_private_facts
people,people/docs/migrations/20260904_employee_private_facts_verify.sql,5ad6a93d7eb23654874cf990f7af06737b584b99f8cebac28f39ceaf6c4cc517,verify,
people,people/docs/migrations/20260914_service_command_receipt.sql,b306ff17284c790e9d35cb90d1f1abeb5d6f47971f652531f4839fb99c4077e9,SQL候选/升级，顺序须按依赖核验,service_command_receipt
people,people/docs/people_assets_offboarding_projection_20260710.sql,a8931b991e6ad9c54a59b886c2d10106bcf5371a4bf51b982837627d5a3722fb,SQL候选/升级，顺序须按依赖核验,integration_operation;integration_operation_attempt
people,people/docs/people_connector_sync_incremental.sql,b692eb8d33e5997bc790274aeb8c660438aea260e134a62334680f426e755d75,SQL候选/升级，顺序须按依赖核验,people_connector_sync_receipts
people,people/docs/people_demo_seed.sql,d4954b04afb95f45b6b23e92cef8d546c855b0b9a1cac9d4122203082c59abc2,demo（不进入生产）,
people,people/docs/people_offboarding_tasks_20260710.sql,38a636cfc0f7f06f3b928773ba5a6a9c2020363e0eaef729afdd4ab1a1f56515,SQL候选/升级，顺序须按依赖核验,people_offboarding_cases;people_offboarding_notification_checkpoint;people_offboarding_tasks
people,people/docs/people_schema.sql,5d6699c2cefbca59c8c624f0b4432d721f68822af98ac2b976a407400e1af0d0,canonical,integration_operation;integration_operation_attempt;integration_operation_dead_letter_actionable;people_assignments;people_connector_sync_receipts;people_contribution_scope_versions;people_contribution_snapshots;people_cost_snapshots;people_directory_lifecycle_versions;people_documents;people_employee_number_sequences;people_employee_private_facts;people_employees;people_offboarding_cases;people_offboarding_notification_checkpoint;people_offboarding_tasks;people_onboarding_cases;people_performance_cycles;people_positions;people_ranks;people_standard_cost_rates;service_command_receipt
people,people/docs/people_standard_cost_incremental.sql,9f5912c17f5fa83feb4760b2936a87566aae7d56b1bc9fd5aa49fbfc17d3488a,SQL候选/升级，顺序须按依赖核验,people_standard_cost_rates
finance,finance/docs/finance_people_cost_parameter_incremental.sql,4bbcfffdd9702c4f2c6a4180f187c54225604a0169cadc634a782fc83d9d2e0b,SQL候选/升级，顺序须按依赖核验,finance_people_cost_parameter
finance,finance/docs/finance_schema.sql,eab270facf2a4c989a72915f2f57cdb84b274a6a6735a6a02ff0a126ac21ef06,canonical,approval_callback_log;employee_cost_snapshot;employee_finance_contribution;employee_finance_performance;expense_claim;expense_claim_item;external_approval_instance;finance_account_balance_snapshot;finance_accounting_object;finance_attachment;finance_audit_log;finance_bank_account;finance_contract_summary;finance_expense;finance_expense_type;finance_income_type;finance_invoice;finance_migration_map;finance_notification_checkpoint;finance_people_cost_parameter;finance_receipt;finance_reconciliation;finance_subject;finance_subject_mapping;finance_unclassified_income;integration_operation_dead_letter_actionable;invoice_request;payment_request;performance_calculation_snapshot;performance_rule;product_cost_attribution_head;product_cost_attribution_revision;project_cost_allocation;project_expense_request;project_expense_request_item;project_finance_summary;service_command_receipt
finance,finance/docs/migrations/20260518_business_accounting_integration_p1.sql,8f983e2d306d3330ad6cae0b0d253723fa93f13844e8a44486d5365ab522e4ea,SQL候选/升级，顺序须按依赖核验,finance_accounting_object;finance_subject_mapping
finance,finance/docs/migrations/20260518_business_accounting_integration_p2_migration_runner.sql,c4a93cbd3d501c0075b76ff98cda83c2243cc435ad7e8c63faff0acf386cc807,SQL候选/升级，顺序须按依赖核验,
finance,finance/docs/migrations/20260518_update_subjects_to_small_business_accounting_standard.sql,5580f9be3705ffafa5038424e38daa0f0e57fb2c8f2a7bcd7be2d6bbdaa261ac,SQL候选/升级，顺序须按依赖核验,
finance,finance/docs/migrations/20260519_backfill_invoice_receipt_customer_names.sql,be49aa90d130aa839ac261ccda9f208e275b34e412759af6424a3eb74fa86c3b,SQL候选/升级，顺序须按依赖核验,
finance,finance/docs/migrations/20260619_backfill_oa_invoice_file_urls.sql,5e73d04b7248611c57dfbb453fa70e010d9b4e59675c738aa12d8489946783d9,SQL候选/升级，顺序须按依赖核验,
finance,finance/docs/migrations/20260619_invoice_medium_and_files.sql,540b7fc6f7d828c964164166f74d7c4a4225a6da3f39d52f53eda601d9ee0d55,SQL候选/升级，顺序须按依赖核验,
finance,finance/docs/migrations/20260619_invoice_request_submitted_at.sql,42065ab45d40287f3f6f6e383142347912a1949e6aa74aa1ea9a8e925acf3348,SQL候选/升级，顺序须按依赖核验,
finance,finance/docs/migrations/20260619_normalize_altoc_invoices_to_finance.sql,a628b20bad3bb77283fc75573d6108516e4cd70bad5ecb4d1f0ea5ba081cfadd,SQL候选/升级，顺序须按依赖核验,
finance,finance/docs/migrations/20260709_project_finance_readiness.sql,4569d7553ecc6b18399f6100973d38c6cc0d5314c377c64a861954c78e0512cb,SQL候选/升级，顺序须按依赖核验,
finance,finance/docs/migrations/20260710_finance_due_notifications.sql,a92eed306c3e6a99d9ba8f8650e93aa054e189f64f71986b5939f661886e4b1c,SQL候选/升级，顺序须按依赖核验,finance_notification_checkpoint
finance,finance/docs/migrations/20260710_finance_integration_operations.sql,4006e8fb4d9d6ecbe1ba5d659d5e11148936d666f2057f7026e06b55b33fcd86,SQL候选/升级，顺序须按依赖核验,integration_operation;integration_operation_attempt
finance,finance/docs/migrations/20260710_service_command_receipt.sql,78a1d1680a673bf1871cee4c5bbf4ed54329e7295fd645cafa7f1c52b01af9b9,SQL候选/升级，顺序须按依赖核验,service_command_receipt
finance,finance/docs/migrations/20260711_finance_dead_letter_actionable_lifecycle.sql,645cacf394e1cd5eb1a01c7775c7e9df4c95034a9307894263c49e91fe442a41,SQL候选/升级，顺序须按依赖核验,integration_operation_dead_letter_actionable
finance,finance/docs/migrations/20260827_payment_request_reject_reason.sql,6ca3c972174bcc119435357ef584ccd11fdeee566f74ad0076a9dd9fdfade729,SQL候选/升级，顺序须按依赖核验,
finance,finance/docs/migrations/20260909_product_cost_attribution.sql,d32c7116b6b02d05d4a4c4031771932b3af9aa8aa79c2df1a37273beafd7c142,SQL候选/升级，顺序须按依赖核验,product_cost_attribution_head;product_cost_attribution_revision
finance,finance/docs/migrations/20260909_project_cost_allocation_currency.sql,ab9de69129367c8f8eef3793dc63fe68f496eb6bdcbf73a3b1ec800b15419852,SQL候选/升级，顺序须按依赖核验,
finance,finance/docs/verify_invoice_identity_preflight.sql,1a5075b44ee6b015b2696fcaacd4c9e7a351125cc68f5083edbac341027b6bc6,verify,
